Año,Mes,SumaPrecipitacion_mm,Demanda_Energia_SIN_kWh,Generación_kWh,Demanda_No_Atendida_kWh
2010.0,1.0,1747.2,4576940515.59,4617622906.17,2429210.0
2010.0,2.0,4212.2,4409459580.76,4410513783.96,2598730.0
2010.0,3.0,10779.6,4890121369.28,4887825487.68,6706580.0
2010.0,4.0,12311.9,4610754527.18,4607224800.89,3219540.0
2010.0,5.0,10861.4,4785909137.67,4781790771.86,4186230.0
2010.0,6.0,9885.6,4587074178.55,4635576095.31,2818000.0
2010.0,7.0,13345.5,4706751242.25,4759657546.83,3071360.0
2010.0,8.0,11365.7,4771810215.82,4820737187.63,2546480.0
2010.0,9.0,10786.0,4664845196.81,4733103164.81,3888540.0
2010.0,10.0,10318.9,4818696466.34,4923329386.69,5623330.0
2010.0,11.0,14641.4,4615735254.09,4812762749.07,5869920.0
2010.0,12.0,9221.0,4707231941.23,4895155836.45,5017010.0
2011.0,1.0,3821.6,4666629922.77,4842566313.13,3904770.0
2011.0,2.0,6001.5,4359000436.85,4480266312.61,4942500.0
2011.0,3.0,8691.5,4801205359.73,5052470409.8,5948560.0
2011.0,4.0,14090.3,4587452784.53,4681036145.27,9749280.0
2011.0,5.0,11731.7,4855477120.21,4922133510.77,3529520.0
2011.0,6.0,9126.2,4693726949.78,4747597968.1,4630340.0
2011.0,7.0,9335.3,4817043819.21,4860714550.73,2634760.0
2011.0,8.0,7175.8,4978716135.56,5033090064.91,12157720.0
2011.0,9.0,8094.2,4601694303.73,4950241351.29,4679680.0
2011.0,10.0,12768.1,4573200467.68,5032459604.23,3541900.0
2011.0,11.0,12606.6,4790823863.11,5009302035.29,4122040.0
2011.0,12.0,13657.800000000001,5013811457.14,5008549674.8,5203350.0
2012.0,1.0,10445.0,4806914288.88,4829512826.15,11111240.0
2012.0,2.0,87383.0,4631699497.36,4659502255.8,4542390.0
2012.0,3.0,89102.70000000001,5033862343.83,5064655531.99,3330240.0
2012.0,4.0,10961.0,4724690347.85,4773893186.79,4888180.0
2012.0,5.0,10631.0,5032708742.66,5081592366.72,3065760.0
2012.0,6.0,15438.9,4893700379.07,4929154771.28,20665570.0
2012.0,7.0,11679.3,5033978349.17,5090583590.27,6081300.0
2012.0,8.0,21634.9,5104311004.32,5144999160.26,20640920.0
2012.0,9.0,12643.3,5024614398.86,5145800297.25,3036800.0
2012.0,10.0,15125.7,5069525185.47,5128738248.99,3928800.0
2012.0,11.0,11540.3,4979617457.97,5055320527.66,5173150.0
2012.0,12.0,14947.6,5034274388.92,5085106715.86,2506950.0
2013.0,1.0,7657.599999999999,5025202450.52,5091849810.54,1509770.0
2013.0,2.0,15286.1,4609685803.18,4774535729.83,3236010.0
2013.0,3.0,14313.0,5033036815.86,5185015591.2,2602850.0
2013.0,4.0,13730.0,5106221045.2,5236006679.61,2711970.0
2013.0,5.0,16181.800000000001,5163347702.35,5385895967.61,2773530.0
2013.0,6.0,13380.85,4955012794.03,5052305654.84,2432880.0
2013.0,7.0,11390.63,5205500366.74,5320753822.66,3129510.0
2013.0,8.0,15611.6,5196476102.61,5246232869.82,2550280.0
2013.0,9.0,13645.2,5084604754.36,5131626517.85,2352870.0
2013.0,10.0,19252.4,5249049034.32,5295028270.22,11846100.0
2013.0,11.0,22723.7,5085699290.94,5153994874.22,5050840.0
2013.0,12.0,15237.6,5176440578.31,5323341631.1,2310050.0
2014.0,1.0,9793.3,5166889830.34,5310819177.34,2943490.0
2014.0,2.0,7842.7,4902078119.95,4981719223.59,1952330.0
2014.0,3.0,6404.2,5316729996.94,5383464778.41,2322650.0
2014.0,4.0,7720.8,5168990081.71,5209078711.67,3500250.0
2014.0,5.0,9482.3,5410874764.07,5425767145.9,6943230.0
2014.0,6.0,8103.78,5218074438.82,5228624179.9,3432050.0
2014.0,7.0,6649.97,5513590528.49,5516031796.13,6871260.0
2014.0,8.0,5414.57,5418881147.01,5411667966.81,2987770.0
2014.0,9.0,7770.55,5345774353.41,5426668776.01,3731400.0
2014.0,10.0,13653.16,5461280265.51,5517701860.06,3984300.0
2014.0,11.0,12215.27,5250695521.05,5385828884.0,3285640.0
2014.0,12.0,9393.67,5397388815.23,5530482391.11,3613510.0
2015.0,1.0,10381.429999999998,5309656094.76,5392535278.78,1398440.0
2015.0,2.0,5936.54,5048313721.37,5101260236.21,1487150.0
2015.0,3.0,8877.36,5533328883.68,5658722532.32,2432210.0
2015.0,4.0,7775.12,5278067244.14,5322831816.35,1890570.0
2015.0,5.0,11529.19,5622903455.74,5639169186.89,2030060.0
2015.0,6.0,8507.65,5413925539.85,5412225271.2,7606900.0
2015.0,7.0,9370.83,5669228469.16,5673305022.42,5337470.0
2015.0,8.0,7767.82,5691353901.77,5720923044.19,4302090.0
2015.0,9.0,7484.79,5701075208.77,5726688739.11,3672360.0
2015.0,10.0,16868.11,5762726801.36,5758225605.62,3563280.0
2015.0,11.0,19706.0,5441192819.01,5438711765.68,5571470.0
2015.0,12.0,2474.34,5534757389.66,5535344805.12,1431950.0
2016.0,1.0,2761.62,5583733864.99,5593359239.97,1278080.0
2016.0,2.0,4267.13,5464923954.26,5466214838.84,4156050.0
2016.0,3.0,8165.99,5567053865.71,5420999617.93,4125730.0
2016.0,4.0,16555.77,5396940514.25,5325691827.0,6013700.0
2016.0,5.0,25953.534,5550004264.73,5483791623.72,3485320.0
2016.0,6.0,26314.635000000002,5400642942.94,5358195806.28,2505210.0
2016.0,7.0,34585.671,5488292706.64,5470732933.11,1775510.0
2016.0,8.0,27747.214,5762191346.22,5737058015.42,4791520.0
2016.0,9.0,19970.329,5541867547.87,5536454641.48,4810330.0
2016.0,10.0,19323.088,5587353320.82,5581186391.78,5682400.0
2016.0,11.0,20440.073,5428488358.34,5423774522.06,3237650.0
2016.0,12.0,13256.343,5547980991.85,5544713228.44,1935770.0
2017.0,1.0,16248.084,5428132634.7,5424894318.6,1550560.0
2017.0,2.0,15978.792,5188569857.98,5182899528.09,4277040.0
2017.0,3.0,52818.228,5607756203.14,5512968924.05,3607890.0
2017.0,4.0,39369.276,5451232084.55,5405615334.47,8210960.0
2017.0,5.0,63761.661,5681911134.89,5660239608.62,3762990.0
2017.0,6.0,61906.744,5492867051.78,5485846997.37,5503230.0
2017.0,7.0,27370.041,5665040999.06,5651094103.77,3593380.0
2017.0,8.0,49115.874,5769319463.64,5766421028.83,4152080.0
2017.0,9.0,51120.937,5623579024.41,5617133489.25,4701450.0
2017.0,10.0,57273.9,5740345421.18,5734759297.22,3512930.0
2017.0,11.0,73007.16,5572747281.32,5554469036.67,4947240.0
2017.0,12.0,41416.765,5671566497.42,5670755623.03,2842440.0
2018.0,1.0,35871.621,5618579084.42,5499749011.95,1181540.0
2018.0,2.0,73842.226,5239200237.27,5212862906.52,3255690.0
2018.0,3.0,62490.475,5790246300.54,5780605035.17,4262960.0
2018.0,4.0,92499.837,5607304872.57,5581768103.32,8127800.0
2018.0,5.0,111882.212,5799116371.88,5781108390.0,3931940.0
2018.0,6.0,90496.083,5696940183.99,5684857215.42,5444730.0
2018.0,7.0,88901.383,5918246369.0,5913504821.83,2898360.0
2018.0,8.0,66094.596,6018778367.55,6006353637.34,2324470.0
2018.0,9.0,80643.106,5813196283.45,5805956749.99,4686200.0
2018.0,10.0,106809.44,5933695690.91,5986878013.45,4375770.0
2018.0,11.0,402461.05499999993,5819253663.66,5859371283.28,6291760.0
2018.0,12.0,368865.484,5872136369.44,5835217146.7,4874100.0
2019.0,1.0,389715.68200000003,5832426119.88,5715650230.92,3346800.0
2019.0,2.0,370257.397,5509171284.19,5304213525.24,4253810.0
2019.0,3.0,167340.998,6022174720.09,5803394703.59,4447670.0
2019.0,4.0,102619.777,5835151206.2,5667372521.48,5672850.0
2019.0,5.0,95779.154,6104414424.01,5929541955.26,5392040.0
2019.0,6.0,193769.716,5882766292.73,5756871096.66,4813100.0
2019.0,7.0,346368.11500000005,6146817068.72,6034566345.25,2726030.0
2019.0,8.0,429252.95700000005,6256798364.72,6098799028.49,4311320.0
2019.0,9.0,629476.1440000001,6050144410.97,5898615770.75,5836560.0
2019.0,10.0,374843.73199999996,6092438876.57,6016552476.25,4858690.0
2019.0,11.0,357043.058,5979343746.21,5840231684.84,2882290.0
2019.0,12.0,336844.146,6213362827.5,6048789084.87,2889200.0
2020.0,1.0,280184.31899999996,6119292458.36,5989849104.79,2898800.0
2020.0,2.0,165460.12900000002,5987996320.04,5877767510.75,2597210.0
2020.0,3.0,103933.576,5992960109.87,5931087692.88,3570940.0
2020.0,4.0,223064.27,5200808695.92,4998301438.27,1462240.0
2020.0,5.0,384975.115,5642172418.18,5416244805.79,2537030.0
2020.0,6.0,337393.218,5568356777.69,5337023736.49,10008050.0
2020.0,7.0,366954.458,5926570730.37,5712090626.68,4453090.0
2020.0,8.0,315070.8,5990045006.12,5851896924.54,4718470.0
2020.0,9.0,276462.604,5880814191.62,5865563678.97,5108370.0
2020.0,10.0,92554.962,6124723455.68,6132944735.1,3446450.0
2020.0,11.0,109680.706,5873773115.32,6071792529.71,3866730.0
2020.0,12.0,67070.565,6114636939.81,6138993291.92,3132710.0
2021.0,1.0,65300.509,5936883449.26,5931757896.29,2346390.0
2021.0,2.0,74894.977,5667984608.78,5656791101.86,4451540.0
2021.0,3.0,128344.065,6233302108.02,6061825986.57,6051500.0
2021.0,4.0,56001.949,6004425835.54,5826219859.48,4437800.0
2021.0,5.0,68582.842,6015209441.71,5997792009.35,2972050.0
2021.0,6.0,56282.217,6017830899.34,6011507417.03,5303800.0
2021.0,7.0,66182.152,6377147579.67,6366754783.24,13394430.0
2021.0,8.0,75943.891,6346906571.56,6365997776.24,6180610.0
2021.0,9.0,91648.473,6307744516.38,6483943800.66,4221840.0
2021.0,10.0,98215.391,6490084008.35,6621680198.41,5041750.0
2021.0,11.0,84863.151,6289735747.88,6291325291.19,6850200.0
2021.0,12.0,64214.435,6429358744.67,6317952675.73,6195290.0
2022.0,1.0,31157.337,6277907618.82,6276725056.08,2580390.0
2022.0,2.0,46571.736,5878351998.62,5882725713.35,2931370.0
2022.0,3.0,27735.224,6535305330.93,6467791209.45,5291740.0
2022.0,4.0,86423.82,6272358307.36,6238816793.43,5954120.0
2022.0,5.0,67733.706,6577625313.25,6556903855.96,9872060.0
2022.0,6.0,83737.022,6207699546.62,6203203467.41,4068750.0
2022.0,7.0,34546.315,6564763442.88,6562199526.11,5477860.0
2022.0,8.0,47905.098,6624485075.52,6612126663.19,4484310.0
2022.0,9.0,71725.141,6409836141.37,6418288383.06,3062180.0
2022.0,10.0,97723.8,6558240952.9,6633067408.33,3885510.0
2022.0,11.0,4188.603,6301832714.66,6429872892.15,4225260.0
2022.0,12.0,34740.499,6448707696.05,6626728104.31,2979440.0
2023.0,1.0,59948.116,6393419223.85,6693466656.82,2623780.0
2023.0,2.0,53597.619,5999701050.62,6198945157.41,4217580.0
2023.0,3.0,72809.335,6650981022.54,6644284344.19,5081240.0
2023.0,4.0,61623.676999999996,6365885386.69,6336700037.57,4102610.0
2023.0,5.0,59674.354999999996,6845507129.33,6709261054.53,6220970.0
2023.0,6.0,48078.522,6581463114.62,6444630975.58,3287290.0
2023.0,7.0,52420.362,6801309358.15,6621924078.91,5696750.0
2023.0,8.0,51584.254,7012396382.06,6984352764.59,6065270.0
2023.0,9.0,37885.975,6886336403.75,7122678580.47,6291120.0
2023.0,10.0,50375.371,6889466444.79,7074105860.15,7009620.0
2023.0,11.0,45217.494999999995,6698658231.35,6869311328.66,8322590.0
2023.0,12.0,40447.84,6856933481.1,6984575614.97,5446790.0
